timestamp,source_address,destination_address,satoshi
1236054265,15XCNtifYkTMW5KqNU877MHtaB5YpbzFnd,198aMn6ZYAczwrE5NvNTUMyJ5qkfy4g3Hi,25000000000
1236054265,1PqLpZjTj5MAYU85qvdK5xHH92bpdXgx34,198aMn6ZYAczwrE5NvNTUMyJ5qkfy4g3Hi,25000000000
1236054265,1CH2Zdxs5mEvreoexcaJCBTkfkTFDtpPFi,198aMn6ZYAczwrE5NvNTUMyJ5qkfy4g3Hi,25000000000
1236054265,1FK4tAyRr2VzanoGCFZf5mYfKjiYZzzKj9,198aMn6ZYAczwrE5NvNTUMyJ5qkfy4g3Hi,25000000000
1236054265,1FNoDLf1JAExBqqUbrH26Urax763jVqTu6,198aMn6ZYAczwrE5NvNTUMyJ5qkfy4g3Hi,25000000000
1236054265,182VpquAsnVE2Y69Ac89gTBT46VePargZ4,198aMn6ZYAczwrE5NvNTUMyJ5qkfy4g3Hi,15000000000
1236054265,1MQMXHK4orB9Qdc976md9BpkWwatfBgDDh,198aMn6ZYAczwrE5NvNTUMyJ5qkfy4g3Hi,15000000000
1236054265,16QJWbGGa5gCJqiph4XD9UQtb9XZ5nA9bA,198aMn6ZYAczwrE5NvNTUMyJ5qkfy4g3Hi,15000000000
1236194891,1nkEKjGXgsDvcDABcJ44qujD22cTrGDaS,12higDjoCCNXSA95xZMWUdPvXNmkAduhWv,120000000000
1236194891,1AwZZYoSMpmSFBiBRZWtVkPeTSGQwxf18d,12higDjoCCNXSA95xZMWUdPvXNmkAduhWv,120000000000
1236194891,1NkatgQTARqL97kjfgrwxQGq9NB6a9524M,12higDjoCCNXSA95xZMWUdPvXNmkAduhWv,120000000000
1236194891,16JmerBwo7FetH3Xqkewa7ozaU4FPFYmWp,12higDjoCCNXSA95xZMWUdPvXNmkAduhWv,120000000000
1236194891,15HTSrdNK6xTigmHmAVxPe9NVv2BzAacT8,12higDjoCCNXSA95xZMWUdPvXNmkAduhWv,120000000000
1236194891,1BNP5cQzMmJoZSK7qbXfUnuPouwuExbZa4,12higDjoCCNXSA95xZMWUdPvXNmkAduhWv,120000000000
1236194891,14gGyYgK7hKHgTkBNcGsurCMdrdFWFs1MT,12higDjoCCNXSA95xZMWUdPvXNmkAduhWv,120000000000
1236194891,1J28f6UrfqAV2sYdabJDdrKHJNPqZHxrGH,12higDjoCCNXSA95xZMWUdPvXNmkAduhWv,120000000000
1236194891,1FSfsUqZp5PwF76vn2mnfveFLucaCz2Ur4,12higDjoCCNXSA95xZMWUdPvXNmkAduhWv,120000000000
1236194891,1CTSZSAL2nmBrnDVSZ6aoRrDXnscmxqTNW,12higDjoCCNXSA95xZMWUdPvXNmkAduhWv,120000000000
1236194891,18fjQ7CXGM4LRRs5DSgAt7ES529UWePk1n,12higDjoCCNXSA95xZMWUdPvXNmkAduhWv,120000000000
1236194891,14kmfA8kzrWLJ41ijyyMuqXoCeKAx5HrhW,12higDjoCCNXSA95xZMWUdPvXNmkAduhWv,120000000000
1236194891,15fFuVEe7x8V1Acxnp74XQf5j942EUqHJU,12higDjoCCNXSA95xZMWUdPvXNmkAduhWv,120000000000
1236194891,15bNpvnhh5fnuqGMHhKN4K8Y8oQYVMXEBh,12higDjoCCNXSA95xZMWUdPvXNmkAduhWv,120000000000
1236194891,13pYoHZrdCdjccTBXdXqcCRWYgg7zM7EbE,12higDjoCCNXSA95xZMWUdPvXNmkAduhWv,120000000000
1236194891,163qP7Rx8n2y4udNkum7Gi6HMSJN7cM6XS,12higDjoCCNXSA95xZMWUdPvXNmkAduhWv,120000000000
1236194891,1JhPM7aGS6FZDBegbCwCvtzPW44LhA9Zbp,12higDjoCCNXSA95xZMWUdPvXNmkAduhWv,120000000000
1236194891,1ECTFTCaUZ7fvNHKwwN7EEd6CJYvF1FRwX,12higDjoCCNXSA95xZMWUdPvXNmkAduhWv,120000000000
1236194891,13Gtket9np9cbzw35PDiGC2RmQHmb5Zj8E,12higDjoCCNXSA95xZMWUdPvXNmkAduhWv,120000000000
1236194891,1MDBahoHqhdAeoxkusntbwZ5vvou2M3s5J,12higDjoCCNXSA95xZMWUdPvXNmkAduhWv,120000000000
1236194891,1MHXDCdhZnnG4iAbYE1s1bthRAnfUAWNLE,12higDjoCCNXSA95xZMWUdPvXNmkAduhWv,120000000000
1236194891,16NpVm2k7FBxFzTitkLtzCZoSzsnk2tdtM,12higDjoCCNXSA95xZMWUdPvXNmkAduhWv,120000000000
1236194891,16MU3EVtAebNjvk3ihBJHiqc84rGAMp4Zw,12higDjoCCNXSA95xZMWUdPvXNmkAduhWv,120000000000
1236194891,12zUctUWWWFWi4X8S3QwpqeiVe5HGiTu4G,12higDjoCCNXSA95xZMWUdPvXNmkAduhWv,120000000000
1236209362,124wRWVmAkRejjv6aPuF3B4qi5ww4uYKLy,12higDjoCCNXSA95xZMWUdPvXNmkAduhWv,33000000
1236209362,124wRWVmAkRejjv6aPuF3B4qi5ww4uYKLy,124wRWVmAkRejjv6aPuF3B4qi5ww4uYKLy,4967000000
1236297007,1AyEj3LukJoWkmFnvyrAyEuefyP9Z4XpCK,12higDjoCCNXSA95xZMWUdPvXNmkAduhWv,40000000000
1236297007,1376GqPFxqNJfkPGJWjrPb3xdVq4m4Uoiw,12higDjoCCNXSA95xZMWUdPvXNmkAduhWv,40000000000
1236297007,1AQqJ5i3efJbD9vrp2FnfCz3bwM7pFM8K9,12higDjoCCNXSA95xZMWUdPvXNmkAduhWv,40000000000
1236297007,1NZDEeS9gLrSFPCzVXqpB8Tq2ngDDgmYLe,12higDjoCCNXSA95xZMWUdPvXNmkAduhWv,40000000000
1236297007,15QY1Nh2JVhAnNrcnY6LHEfdFnpMipqbSL,12higDjoCCNXSA95xZMWUdPvXNmkAduhWv,40000000000
1236297007,1GUEV1hmvnD3zeUBNMcwsn96wgmeQbJQ4N,12higDjoCCNXSA95xZMWUdPvXNmkAduhWv,40000000000
1236297007,1DGzbJbTNWbXinDasreiqv4vugYdfhtnLE,12higDjoCCNXSA95xZMWUdPvXNmkAduhWv,40000000000
1236297007,1HJWVdtfSuQAaHnifosi4ExCnPwsoUuNDY,12higDjoCCNXSA95xZMWUdPvXNmkAduhWv,40000000000
1236532492,12d2XXfBBMLiGK7HJfnuf26nS4prtmBzSx,1L55MZRkGSmKJH9XLsHxEyaY2ndWERmwps,5000000000
1236532492,1Lx1JLY9JYCc5JSAqKABmtX2msJWXRGMJp,16NB2rGfdV8sq12oBC3bXTvvVzZiqvzo8Y,30000000000
1236532492,1PcVSf9U9mYKPYxtkVU6LRXLDBeqB3JUuC,16NB2rGfdV8sq12oBC3bXTvvVzZiqvzo8Y,30000000000
1236532492,19P1ynmHA67Ss9kiVcG7z2oppnoQ7r9VQG,16NB2rGfdV8sq12oBC3bXTvvVzZiqvzo8Y,30000000000
1236532492,1KeSxBmdeY6p7vimVKcYzUsVViDjzx3qDZ,16NB2rGfdV8sq12oBC3bXTvvVzZiqvzo8Y,30000000000
1236532492,1K5D92GiZhn1QHWvvKwtzaRWVmYWbpfJaJ,16NB2rGfdV8sq12oBC3bXTvvVzZiqvzo8Y,30000000000
1236532492,174ucaqYNYWGwwSwwXRrK5E4MX7KnNCsWg,16NB2rGfdV8sq12oBC3bXTvvVzZiqvzo8Y,30000000000
1236534402,16NB2rGfdV8sq12oBC3bXTvvVzZiqvzo8Y,198aMn6ZYAczwrE5NvNTUMyJ5qkfy4g3Hi,120000000000
1236534402,18K6hkAui3ZQqQudbFmRHyTXycF3wEBuDE,198aMn6ZYAczwrE5NvNTUMyJ5qkfy4g3Hi,120000000000
1236534402,1PaWtL4Nqm7VkVy6VHnEFujD2EXL3XugN,198aMn6ZYAczwrE5NvNTUMyJ5qkfy4g3Hi,120000000000
1236534402,1FyLtpZ9qfBWrA2YnTSaFsbKaLezboaMWZ,198aMn6ZYAczwrE5NvNTUMyJ5qkfy4g3Hi,120000000000
1236534402,1BCpP6Q4W2zLFaJZYteKGF4WsYpg4FbmaL,198aMn6ZYAczwrE5NvNTUMyJ5qkfy4g3Hi,120000000000
1236534402,1An84DZvBkeJ5kziQakU81MRWXLBU4MzVm,198aMn6ZYAczwrE5NvNTUMyJ5qkfy4g3Hi,120000000000
1236534402,1L55MZRkGSmKJH9XLsHxEyaY2ndWERmwps,198aMn6ZYAczwrE5NvNTUMyJ5qkfy4g3Hi,120000000000
1236534402,1FkF7W9DdrPYXpqDWpX8idhC4YGq5pgak2,198aMn6ZYAczwrE5NvNTUMyJ5qkfy4g3Hi,120000000000
1236534402,12VvDR4VkhvbReFgCazkW1VpVVcBX87Kbo,198aMn6ZYAczwrE5NvNTUMyJ5qkfy4g3Hi,120000000000
1236534402,1HaDTJX59KFUbofSoULvwQ9b9poaxqTxA1,198aMn6ZYAczwrE5NvNTUMyJ5qkfy4g3Hi,120000000000
1236534402,1DiyZZS37c3mVsrF5Bjxkkm7njp7cxMkqg,198aMn6ZYAczwrE5NvNTUMyJ5qkfy4g3Hi,120000000000
1236534402,1AVEc4JwQrooF8zhJCsMaAM6TrjGFdRcJi,198aMn6ZYAczwrE5NvNTUMyJ5qkfy4g3Hi,120000000000
1236534402,13dmmNEWD4n52e5Hr5Vhqpeg55PKiw63bd,198aMn6ZYAczwrE5NvNTUMyJ5qkfy4g3Hi,120000000000
1236534402,1MvNXELrMwEKNpk8qQJtW6HNJHofHbpyYh,198aMn6ZYAczwrE5NvNTUMyJ5qkfy4g3Hi,120000000000
1236534402,14L38V84w4vcHWbDrwcmKMmx6Q79cRWz9f,198aMn6ZYAczwrE5NvNTUMyJ5qkfy4g3Hi,120000000000
1236534402,12fHiiG24civ3vX78qkQEmVJAHAGUe3Da8,198aMn6ZYAczwrE5NvNTUMyJ5qkfy4g3Hi,120000000000
1236534402,15ZyZuu8iGp4cst2681pNt3R53bMnNnRFr,198aMn6ZYAczwrE5NvNTUMyJ5qkfy4g3Hi,120000000000
1236534402,1F1AA2WUeLHSZAzREmkcdDjRxcgMaGu1hR,198aMn6ZYAczwrE5NvNTUMyJ5qkfy4g3Hi,120000000000
1236534402,13s7UCrW2KU1j4G4mtSBkJrzpTrQ9ynxt8,198aMn6ZYAczwrE5NvNTUMyJ5qkfy4g3Hi,120000000000
1236854934,1Cay6m8mMu5xMHEmpacGQ4jPDZyxDotN3g,1CECPFgz4fJSEndbFT1QyR8hKyt5RitL2k,15000000000
1236854934,1PeuSubs2kUjZCngC2Lm8RWtZsP9hGoCas,1CECPFgz4fJSEndbFT1QyR8hKyt5RitL2k,15000000000
1236854934,1FPLNH389uu81V11em7sknNJQ4yqaJykQD,1CECPFgz4fJSEndbFT1QyR8hKyt5RitL2k,15000000000
1236954375,1P6KEX85cKThzRVzE3chKu7pbBguQWVrUk,198aMn6ZYAczwrE5NvNTUMyJ5qkfy4g3Hi,75000000000
1236954375,179BnMzy6rmN5dwLQSQKsW1TMtXRUEUVii,198aMn6ZYAczwrE5NvNTUMyJ5qkfy4g3Hi,75000000000
1236954375,12MTt77Vfo9rPc4qckaWy1pekMG2j6oPLg,198aMn6ZYAczwrE5NvNTUMyJ5qkfy4g3Hi,75000000000
1236954375,1FAJUTm67VFhNYnQuAihd2wJfusZQQ9ZH6,198aMn6ZYAczwrE5NvNTUMyJ5qkfy4g3Hi,75000000000
1236954375,18AJPiNcegAw8m7UBhCRYVqqbEEoArx5Te,198aMn6ZYAczwrE5NvNTUMyJ5qkfy4g3Hi,75000000000
1236954375,13e23fxfAnDmXP6vknoN5ZxzW7E4rNHufb,198aMn6ZYAczwrE5NvNTUMyJ5qkfy4g3Hi,75000000000
1236954375,18rMLgN8HgKrJgr1yxaRNByjDiCFek1jdU,198aMn6ZYAczwrE5NvNTUMyJ5qkfy4g3Hi,75000000000
1236954375,14ceG7gRh3vnX7BySt2WbkyhVTJ6BK8E6z,198aMn6ZYAczwrE5NvNTUMyJ5qkfy4g3Hi,75000000000
1236954375,16re4c6LXg3m2KHt5xzUHCj2r7fnPRkW74,198aMn6ZYAczwrE5NvNTUMyJ5qkfy4g3Hi,75000000000
1236954375,1C8oWxg4bPmf2gzUHsvFHMYAczDXvb6MJg,198aMn6ZYAczwrE5NvNTUMyJ5qkfy4g3Hi,75000000000
1236954375,1LBwkC5tuJry3KVHMbaPXf13aRwBNf3hxh,198aMn6ZYAczwrE5NvNTUMyJ5qkfy4g3Hi,75000000000
1236954375,1CECPFgz4fJSEndbFT1QyR8hKyt5RitL2k,198aMn6ZYAczwrE5NvNTUMyJ5qkfy4g3Hi,75000000000
1236954375,1owpW684XstANsSFEkiDZRQwULgdu39B4,198aMn6ZYAczwrE5NvNTUMyJ5qkfy4g3Hi,75000000000
1237221615,1Aw8BMAFgwVqXjNTGegYQdS537Y94ZSiZ1,12higDjoCCNXSA95xZMWUdPvXNmkAduhWv,240000000000
1237221615,17kWKNxDeBjigokSCS2eu9bHQuz6AQyKU4,12higDjoCCNXSA95xZMWUdPvXNmkAduhWv,240000000000
1237221615,15MMApqUm4P1ewQNRw3Hxqi94WM6PRK7Ak,12higDjoCCNXSA95xZMWUdPvXNmkAduhWv,240000000000
1237221615,1SEtCB9gbas6hqz5yTq96K6DA4ufYdTG6,12higDjoCCNXSA95xZMWUdPvXNmkAduhWv,240000000000
1237221615,1CRYzVLk5Rz9HzJitxnstJiRwxqGsQb47Q,12higDjoCCNXSA95xZMWUdPvXNmkAduhWv,240000000000
1237221615,1JwAaaVFV8mcCHMfz3jc5m7HhGDdMhtv1p,12higDjoCCNXSA95xZMWUdPvXNmkAduhWv,240000000000
1237221615,1PZmrcFoxUs6M7meYnsdwNYCqcpbVRY18w,12higDjoCCNXSA95xZMWUdPvXNmkAduhWv,240000000000
1237221615,1HMGgpuaTm2xoncafzyh7Miqpq1v2BCh1J,12higDjoCCNXSA95xZMWUdPvXNmkAduhWv,240000000000
1237221615,1MaWivgH7F5aBX7zPEDLevkKQdX8RyQxEm,12higDjoCCNXSA95xZMWUdPvXNmkAduhWv,240000000000
1237221615,1MTgoeNc1U67QHK1XaYjumx87qCf5yqLbw,12higDjoCCNXSA95xZMWUdPvXNmkAduhWv,240000000000
1237221615,1731osaYbCCfhXn72Y6ALV87kP8f9YBPsf,12higDjoCCNXSA95xZMWUdPvXNmkAduhWv,240000000000
1237221615,1KfL3CGSWqPNiewx2AStwtdsXTf1aVdpXR,12higDjoCCNXSA95xZMWUdPvXNmkAduhWv,240000000000
1237221615,15qgoLqr7Q7XW75BagD4AzddYVyQjXFgok,12higDjoCCNXSA95xZMWUdPvXNmkAduhWv,240000000000
1237221615,13WyxRzb1vsn66NUpzaxYf3oCMHWANWJxd,12higDjoCCNXSA95xZMWUdPvXNmkAduhWv,240000000000
1237221615,1JJoNjQUdEx7dCtVoKKgkPQP6nPfnA9cdC,12higDjoCCNXSA95xZMWUdPvXNmkAduhWv,240000000000
1237221615,183m3K9LrXBDhDirW4RA8W1nQ6eUMyCjac,12higDjoCCNXSA95xZMWUdPvXNmkAduhWv,240000000000
1237221615,1AhK9v8ZznRaewdTQx6YHW69EdYDTpMJCb,12higDjoCCNXSA95xZMWUdPvXNmkAduhWv,240000000000
1237221615,1HkApS25A3fmeVU5edJk211EYPusmzKFcn,12higDjoCCNXSA95xZMWUdPvXNmkAduhWv,240000000000
1237221615,1RzcYQ6eFDTmnJAJ6eG2u5Mi5FPJhoPfK,12higDjoCCNXSA95xZMWUdPvXNmkAduhWv,240000000000
1237221615,1Fhyq2swgsPgdsV2YzWrZwHDGyXXc2kdgh,12higDjoCCNXSA95xZMWUdPvXNmkAduhWv,240000000000
1237221615,1Mb8JdQ3ErdcdAdGHTNGJDnSqoro4QRYrX,12higDjoCCNXSA95xZMWUdPvXNmkAduhWv,240000000000
1237221615,1DK8i93vo4LZCzH59ycZqUvYoV6RntJbBT,12higDjoCCNXSA95xZMWUdPvXNmkAduhWv,240000000000
1237221615,1LmFprWzS3zd8SuNHcPtHyjCnFwAUqstRw,12higDjoCCNXSA95xZMWUdPvXNmkAduhWv,240000000000
1237221615,1AKeoA8PcDwww3F8jackggzmownC7Rqd7y,12higDjoCCNXSA95xZMWUdPvXNmkAduhWv,240000000000
1237221615,1PzpSE34bDtMEMyL6bwX3kwQDYopAMnT5d,12higDjoCCNXSA95xZMWUdPvXNmkAduhWv,240000000000
1237221615,19g2ozu2E9SFTSZx534oUNgRnoUbzwHSfT,12higDjoCCNXSA95xZMWUdPvXNmkAduhWv,240000000000
1237221615,1ExoS8yPDCBzsknKsLRRA9P6xDUP8nS4xo,12higDjoCCNXSA95xZMWUdPvXNmkAduhWv,240000000000
1237221615,19v4t5nxfyr2onR37tyKCNLfSMw1tV7nhp,12higDjoCCNXSA95xZMWUdPvXNmkAduhWv,240000000000
1237221615,125JoG7J5ZJqNrg4mrmUgkgBi6wqVyS3nq,12higDjoCCNXSA95xZMWUdPvXNmkAduhWv,240000000000
1237221615,153CHs9DGeXjMhf7ZDDBCC58mV243jLtC5,12higDjoCCNXSA95xZMWUdPvXNmkAduhWv,240000000000
1237221615,1QFEe89ECqkHzebeLcKtXmZcV5HvAQ5xSZ,12higDjoCCNXSA95xZMWUdPvXNmkAduhWv,240000000000
1237221615,1Bwf3nVYfcCL7gM3ccv1Be27cyyZ7pZawu,12higDjoCCNXSA95xZMWUdPvXNmkAduhWv,240000000000
1237221615,1KG81ncD2eHvJ7R3dTRgXXSCRiJfGuURSt,12higDjoCCNXSA95xZMWUdPvXNmkAduhWv,240000000000
1237221615,14H4ngqC4HaykWaBqa6RsCSvfY2ZECoZBN,12higDjoCCNXSA95xZMWUdPvXNmkAduhWv,240000000000
1237221615,19avmcNyrQ2VSfTnBjVqFiMPweoqg8Pn4s,12higDjoCCNXSA95xZMWUdPvXNmkAduhWv,240000000000
1237221615,1ARHP8q7pwKsC71FKwFDfWH1esEdJLhtgo,12higDjoCCNXSA95xZMWUdPvXNmkAduhWv,240000000000
1237221615,1MrSzS87dtgY5MkB6hh4SWPmz4kWqgGQZC,12higDjoCCNXSA95xZMWUdPvXNmkAduhWv,240000000000
1237221615,1HeYkodpUSUknRMTZVZRVFJ3q447DD6rft,12higDjoCCNXSA95xZMWUdPvXNmkAduhWv,240000000000
1237221615,1HkDLscmuMaAF1Nm9aQBPFpnsZgE7h5gCD,12higDjoCCNXSA95xZMWUdPvXNmkAduhWv,240000000000
1237221615,1EAGxTV32WCF38RKXnBopvrFbi4pJcxENd,12higDjoCCNXSA95xZMWUdPvXNmkAduhWv,240000000000
1237221615,1Pkwnv2MBP8ZbuGVx9Wpp3ai7DHqYiUrJ,12higDjoCCNXSA95xZMWUdPvXNmkAduhWv,240000000000
1237221615,164SjeZKCEyYvt4UH9PRLftFrpA9DMcQ9p,12higDjoCCNXSA95xZMWUdPvXNmkAduhWv,240000000000
1237221615,12YNLhpfJnpTbugCJiJoMegGXxDmQPNipC,12higDjoCCNXSA95xZMWUdPvXNmkAduhWv,240000000000
1237221615,1FXtbBhAaLUPCpXnBNmCvUhpLL9nZLQBry,12higDjoCCNXSA95xZMWUdPvXNmkAduhWv,240000000000
1237221615,1NJzeK37nVdYdLzhEDLcgZKzrDohKwx6gv,12higDjoCCNXSA95xZMWUdPvXNmkAduhWv,240000000000
1237221615,17nxAvWBQbzwZXthXFww5vMfaJrY3XuZdE,12higDjoCCNXSA95xZMWUdPvXNmkAduhWv,240000000000
1237221615,1LqVEoPPoPd4uZmrox4hCCt4HJtMk5ERZH,12higDjoCCNXSA95xZMWUdPvXNmkAduhWv,240000000000
1237221615,1C5o3MN6a4S9Kzk3FB66mUyvTdkN4yX6vf,12higDjoCCNXSA95xZMWUdPvXNmkAduhWv,240000000000
1237419496,15o55Tgc352rmdopstMDHQE1s5skrvkM65,198aMn6ZYAczwrE5NvNTUMyJ5qkfy4g3Hi,55000000000
1237419496,1EhJARLpa58xZrNkmwBK3cAqbkZ8tUhhkT,198aMn6ZYAczwrE5NvNTUMyJ5qkfy4g3Hi,55000000000
1237419496,17xqo85PztCMz8PadEhXfi7n2r2CpM7AJW,198aMn6ZYAczwrE5NvNTUMyJ5qkfy4g3Hi,55000000000
1237419496,12rVs6Y3yypb9TrCY91mWZ88vaWaxRshBC,198aMn6ZYAczwrE5NvNTUMyJ5qkfy4g3Hi,55000000000
1237419496,1PK2sc3acUyXcoUCUDDKck6Nrq8L4kE8gk,198aMn6ZYAczwrE5NvNTUMyJ5qkfy4g3Hi,55000000000
1237419496,1Jaw5ZgXH9eQEUFRsBvV4r9HK6ayXB1uu2,198aMn6ZYAczwrE5NvNTUMyJ5qkfy4g3Hi,55000000000
1237419496,16Sbt34KYrPPHLAJttTLfYKHDyStD7FJG9,198aMn6ZYAczwrE5NvNTUMyJ5qkfy4g3Hi,55000000000
1237419496,1F4f6kgKm84DdG5a2FsjgUvpAxDmGaQmR9,198aMn6ZYAczwrE5NvNTUMyJ5qkfy4g3Hi,55000000000
1237419496,16dx8wzF2D7SYRhR2bzkzeepDSU2RW3w3q,198aMn6ZYAczwrE5NvNTUMyJ5qkfy4g3Hi,55000000000
1237419496,1CFf1ShZSLpKi3f7SkR8DSrYty4h9XkTH3,198aMn6ZYAczwrE5NvNTUMyJ5qkfy4g3Hi,55000000000
1237419496,1HB4s6LYddQVNQHkhfgcSCNhN47PBbztPA,198aMn6ZYAczwrE5NvNTUMyJ5qkfy4g3Hi,55000000000
1237419496,15fgF9LywYyxHrjCjcjLjL4vXK8AhCMHAG,198aMn6ZYAczwrE5NvNTUMyJ5qkfy4g3Hi,15000000000
1237419496,16iRWj73m3wN788iLRwEnUkMtP8p8p6wkC,198aMn6ZYAczwrE5NvNTUMyJ5qkfy4g3Hi,15000000000
1237419496,1DdtAffwNSQEQHTvmY2iMiy1G1wpqWao1n,198aMn6ZYAczwrE5NvNTUMyJ5qkfy4g3Hi,15000000000
1237567953,1HHWuFt64YhDC9dh6oJHAH8yQQKymCQXR9,12higDjoCCNXSA95xZMWUdPvXNmkAduhWv,60000000000
1237567953,1CGP2F5Shzh4eUB227MgsE4hZpBcvGvWxy,12higDjoCCNXSA95xZMWUdPvXNmkAduhWv,60000000000
1237567953,1KZcDxvsTyYSfGFLQ4qpJqd51WemA9Dvvk,12higDjoCCNXSA95xZMWUdPvXNmkAduhWv,60000000000
1237567953,1K3rnNatNMw1PJEjcfo3eurSqpkAbgsQAL,12higDjoCCNXSA95xZMWUdPvXNmkAduhWv,60000000000
1237567953,181cDGS7YfTSc28kLbF9n6E6rUQYn69wiS,12higDjoCCNXSA95xZMWUdPvXNmkAduhWv,60000000000
1237567953,1Ph44pRxBJ8hvzaQ46gkqN3snQuSesPDnA,12higDjoCCNXSA95xZMWUdPvXNmkAduhWv,60000000000
1237567953,1CojRE1HNnoJ22nY5DUxcEEkugaDW15Qo6,12higDjoCCNXSA95xZMWUdPvXNmkAduhWv,60000000000
1237567953,1G1ZSy9hPHcEVoUxYzhkRPBkXwe96xAa6u,12higDjoCCNXSA95xZMWUdPvXNmkAduhWv,60000000000
1237567953,1DPHP772k4NcyC5oeu62Tqhs4F7X29Vbkf,12higDjoCCNXSA95xZMWUdPvXNmkAduhWv,60000000000
1237567953,1GpkycMVhYdqL5KiJQJzP94EdJfx7z7Nqz,12higDjoCCNXSA95xZMWUdPvXNmkAduhWv,60000000000
1237567953,1u6riBDy1V3uff5ecLLCzHYadQqmgtSx9,12higDjoCCNXSA95xZMWUdPvXNmkAduhWv,60000000000
1237567953,1AdssLB2qak9Vi45oZwJRA18suvPVzyMvL,12higDjoCCNXSA95xZMWUdPvXNmkAduhWv,60000000000
1237739482,16AMPEZRUzqqr8SmUqWaykfihrt4vWAqfb,198aMn6ZYAczwrE5NvNTUMyJ5qkfy4g3Hi,30000000000
1237739482,1GxiWc7y25E4DoFyiCRa8sPHVCNSgDiZ8,198aMn6ZYAczwrE5NvNTUMyJ5qkfy4g3Hi,30000000000
1237739482,1N8aRF9RZQ6ZrSCnrQCaJwEnSGxqRqToSi,198aMn6ZYAczwrE5NvNTUMyJ5qkfy4g3Hi,30000000000
1237739482,1JHgtd1DQaVgvdXbbd4Ko4TVpxgVu4wncs,198aMn6ZYAczwrE5NvNTUMyJ5qkfy4g3Hi,30000000000
1237739482,1NrKjkof6CvFvDgeio3mie62DBHMumiuMD,198aMn6ZYAczwrE5NvNTUMyJ5qkfy4g3Hi,30000000000
1237739482,1GFmAHTChrgtoxsLbYxnr6csw3vr1S3iBV,198aMn6ZYAczwrE5NvNTUMyJ5qkfy4g3Hi,30000000000
1237739482,14caFiBvCDsHFZEFLCg21GfiNdDLQ75Xud,198aMn6ZYAczwrE5NvNTUMyJ5qkfy4g3Hi,25000000000
1237739482,1BbKNNU73TPDfEgyPy6KMJACtTUZR3af22,198aMn6ZYAczwrE5NvNTUMyJ5qkfy4g3Hi,25000000000
1237739482,1H8HegRbLdkhTfnpvbhY5FFjjBwUWn8fDK,198aMn6ZYAczwrE5NvNTUMyJ5qkfy4g3Hi,25000000000
1237739482,1GaZbjmYjiYHJZ1asxAsMu8LNjzHAghKhm,198aMn6ZYAczwrE5NvNTUMyJ5qkfy4g3Hi,25000000000
1237739482,14ePDxfEeLanjaWoWa7ro7JrupigmC3sC9,198aMn6ZYAczwrE5NvNTUMyJ5qkfy4g3Hi,25000000000
1238080902,16d3tu3fupnSpeUMYRA34YDmz3gm2WJiQz,12higDjoCCNXSA95xZMWUdPvXNmkAduhWv,140000000000
1238080902,1KmozGgy44XxzcPZzTH7ntM1SLiiat1EaW,12higDjoCCNXSA95xZMWUdPvXNmkAduhWv,140000000000
1238080902,1JEsYUAkzEM5F2zXnKaVfdorYPpYsy7nco,12higDjoCCNXSA95xZMWUdPvXNmkAduhWv,140000000000
1238080902,1AHZEGgjXUA1dGrd86RHHuwSR6hGAzo5Y8,12higDjoCCNXSA95xZMWUdPvXNmkAduhWv,140000000000
1238080902,1Kbem3ecwFgPo7E8mgnZskGTt6cXn6bwpu,12higDjoCCNXSA95xZMWUdPvXNmkAduhWv,140000000000
1238080902,1C7sTQtcJSqww1vcMNByPCzN6YMohpfV9J,12higDjoCCNXSA95xZMWUdPvXNmkAduhWv,140000000000
1238080902,1GPKTtWRAj2TNNyxwNq5pCEuJGLCcXoHW8,12higDjoCCNXSA95xZMWUdPvXNmkAduhWv,140000000000
1238080902,16Tq7i7HRyDPQHnxDhbZ767Nj8mu62nd9P,12higDjoCCNXSA95xZMWUdPvXNmkAduhWv,140000000000
1238080902,1HxtJPYJ7J1hwE2ps6DtnarcD8MNsggNUv,12higDjoCCNXSA95xZMWUdPvXNmkAduhWv,140000000000
1238080902,18YfA72fh1G3tHRxu35evnRNuSdFM1eTH9,12higDjoCCNXSA95xZMWUdPvXNmkAduhWv,140000000000
1238080902,1Ga3Nkq9cUDSQqbZ2MMa69g8Ejxdkwusr2,12higDjoCCNXSA95xZMWUdPvXNmkAduhWv,140000000000
1238080902,13d6DcfvKGTh9E8vcbtaJKDnpoZ965YKmA,12higDjoCCNXSA95xZMWUdPvXNmkAduhWv,140000000000
1238080902,17C3y2FEjfWypcx1txhsZrMYcdgxH17eyv,12higDjoCCNXSA95xZMWUdPvXNmkAduhWv,140000000000
1238080902,1MeK8nXqBGyexBXNJ4FHz519TMTrV1qXb2,12higDjoCCNXSA95xZMWUdPvXNmkAduhWv,140000000000
1238080902,1KKng5GEQviJuNdKVwiuwLCXbdAaWtP1sV,12higDjoCCNXSA95xZMWUdPvXNmkAduhWv,140000000000
1238080902,1CTk2vx8rKoFFSV4V3XAK7UTbssKzdKVFe,12higDjoCCNXSA95xZMWUdPvXNmkAduhWv,140000000000
1238080902,1ArgkBcDwiFgyh4yCnhrWL79DzwZmBK68r,12higDjoCCNXSA95xZMWUdPvXNmkAduhWv,140000000000
1238080902,1EnXqjLU5isdZnb4EaUXHmwKzEHzqBNnF8,12higDjoCCNXSA95xZMWUdPvXNmkAduhWv,140000000000
1238080902,1HCeFuUmWdAxPL19HC9usECkahQneoQPNo,12higDjoCCNXSA95xZMWUdPvXNmkAduhWv,140000000000
1238080902,1BLiSSPmWt7pKbkxB6kHcM1HVhnr5unTNB,12higDjoCCNXSA95xZMWUdPvXNmkAduhWv,140000000000
1238080902,1Nnjh1J36H8McMzgSDQHkme8kywCisL8h6,12higDjoCCNXSA95xZMWUdPvXNmkAduhWv,140000000000
1238080902,1MqsEnrHdptQBvtnAiEL4Nsy4coSGjtShq,12higDjoCCNXSA95xZMWUdPvXNmkAduhWv,140000000000
1238080902,12YtzoFAu3RDeV3sp6WSWLLJZQn39QsRQ6,12higDjoCCNXSA95xZMWUdPvXNmkAduhWv,140000000000
1238080902,1795eTNVscijAj7wsRhxrDu5jmwS2XnDeW,12higDjoCCNXSA95xZMWUdPvXNmkAduhWv,140000000000
1238080902,1HTd3Q488BcrAwx7jDdDcpcyHj5nJ6z8Gz,12higDjoCCNXSA95xZMWUdPvXNmkAduhWv,140000000000
1238080902,1BR44snus3SxtXiEivNhar79jeVLH7cq14,12higDjoCCNXSA95xZMWUdPvXNmkAduhWv,140000000000
1238080902,18DVe6qz8ZLaKxeKDPpZKw4w87q7eEnUxY,12higDjoCCNXSA95xZMWUdPvXNmkAduhWv,140000000000
1238080902,1Ha4iKXvp1Zh4CT9sry1LpdRX3HBm1C24J,12higDjoCCNXSA95xZMWUdPvXNmkAduhWv,140000000000
1238256409,1JF8KCuSB9BGNVrSpjp8752w6f2RcD2qPz,198aMn6ZYAczwrE5NvNTUMyJ5qkfy4g3Hi,5000000000
1238256409,14uTer5n9RTEDBnnsqiMdkrV8Wa8qePfFq,198aMn6ZYAczwrE5NvNTUMyJ5qkfy4g3Hi,80000000000
1238256409,1GT1BcBH4CeFFaqV8kzzwBL88tWSigYYto,198aMn6ZYAczwrE5NvNTUMyJ5qkfy4g3Hi,80000000000
1238256409,1LuUaBqNDC1PGarwH4rCDKJjfVmaryycMF,198aMn6ZYAczwrE5NvNTUMyJ5qkfy4g3Hi,80000000000
1238256409,1EViizXKt5EcbfmoudrSGqhRsuzeVfEj1G,198aMn6ZYAczwrE5NvNTUMyJ5qkfy4g3Hi,80000000000
1238256409,1BHJ8AVzM21pcKeEUzcV8WCjU5PUYfPdJQ,198aMn6ZYAczwrE5NvNTUMyJ5qkfy4g3Hi,80000000000
1238256409,1Pgn7bVXFEJKYVmk8ACTuJxMaRzSfAXFrr,198aMn6ZYAczwrE5NvNTUMyJ5qkfy4g3Hi,80000000000
1238256409,1Q4aJUoShWDQSGiryGiFmN8xmgFzb9Yp43,198aMn6ZYAczwrE5NvNTUMyJ5qkfy4g3Hi,80000000000
1238256409,1LnwtynrPZKZrLfMHatGk7WcEhwGPfqYXq,198aMn6ZYAczwrE5NvNTUMyJ5qkfy4g3Hi,80000000000
1238256409,1Bm55PiCwoKMzeW1wYsjvzGZZHr8dWiQUD,198aMn6ZYAczwrE5NvNTUMyJ5qkfy4g3Hi,80000000000
1238256409,17jiJsoeWUW6zX3CwAnrXXoeThugvVUcgz,198aMn6ZYAczwrE5NvNTUMyJ5qkfy4g3Hi,80000000000
1238256409,1APh41X1g1yTuoC2gqKeivCamAtG3MjZsz,198aMn6ZYAczwrE5NvNTUMyJ5qkfy4g3Hi,80000000000
1238256409,1JfkUrV1kWtpb3RTftBULzkdqv2CLsERAF,198aMn6ZYAczwrE5NvNTUMyJ5qkfy4g3Hi,80000000000
1238256409,1LffD6E1xmrxAch1oVCZVmknuV2Np4zfRb,198aMn6ZYAczwrE5NvNTUMyJ5qkfy4g3Hi,80000000000
1238256409,1FQZn6paUWGDX9CJP284VNKquXHnaSXZhw,198aMn6ZYAczwrE5NvNTUMyJ5qkfy4g3Hi,80000000000
1238256409,15CzUuMKY9wBi8smyxUJbMV9188XWrTKsj,198aMn6ZYAczwrE5NvNTUMyJ5qkfy4g3Hi,80000000000
1238256409,1JEJ6tb1wf5PJxmJih7f7gqVVibFtvH9AJ,198aMn6ZYAczwrE5NvNTUMyJ5qkfy4g3Hi,80000000000
1238256409,1BM9J3EB35qc47b76qaF3xKZPevPaDwMDd,198aMn6ZYAczwrE5NvNTUMyJ5qkfy4g3Hi,15000000000
1238256409,16kUCCZq6Rm73vLUPqnyww5hyhBjukM8Kz,198aMn6ZYAczwrE5NvNTUMyJ5qkfy4g3Hi,15000000000
1238256409,18GTbjRF7jGt9wsakUa2EQGsAVJVZoLp81,198aMn6ZYAczwrE5NvNTUMyJ5qkfy4g3Hi,15000000000
1238514389,1FZwCoA5Sf6ASZjVQhBZZni1baX817qqKR,12higDjoCCNXSA95xZMWUdPvXNmkAduhWv,160000000000
1238514389,1L4qDYxUv6KatGuauZYfHZ89AznLdDTvaM,12higDjoCCNXSA95xZMWUdPvXNmkAduhWv,160000000000
1238514389,15xc5vSSPFzKawKuEPZuNb4a65ZM8M3NUZ,12higDjoCCNXSA95xZMWUdPvXNmkAduhWv,160000000000
1238514389,1B9RFRQgASmJXsNKDSd5Bae8KFUjCHUHWP,12higDjoCCNXSA95xZMWUdPvXNmkAduhWv,160000000000
1238514389,12rqpYCL3hoX8a5P9ucdQcnbc5JniqH69W,12higDjoCCNXSA95xZMWUdPvXNmkAduhWv,160000000000
1238514389,1KuydsZxvazHcYhcMbBx2bzcNM8P2wqjCT,12higDjoCCNXSA95xZMWUdPvXNmkAduhWv,160000000000
1238514389,1FfoDKC9dYxSp3A25PjuFcnDNQ9hf6mst5,12higDjoCCNXSA95xZMWUdPvXNmkAduhWv,160000000000
1238514389,1AtMUUQkLqcBKChQMEdqrwgV3RqafQcusm,12higDjoCCNXSA95xZMWUdPvXNmkAduhWv,160000000000
1238514389,1LSRu7qsr2XWvbHKjL7EGtD5qYfKJ9UEdh,12higDjoCCNXSA95xZMWUdPvXNmkAduhWv,160000000000
1238514389,1KeMc3xj88Kn3zTJeimyWX4Xb3x7f2nn57,12higDjoCCNXSA95xZMWUdPvXNmkAduhWv,160000000000
1238514389,1AZ7bPNni7EtoYW8SszrnKQDYgQSDwHFZ5,12higDjoCCNXSA95xZMWUdPvXNmkAduhWv,160000000000
1238514389,1JkA6LspktUAYB59s4t71fDDSqp4kYLw6P,12higDjoCCNXSA95xZMWUdPvXNmkAduhWv,160000000000
1238514389,19GYuexwn72fxaFFj59sSZfCVyicgFVPNn,12higDjoCCNXSA95xZMWUdPvXNmkAduhWv,160000000000
1238514389,16VK6eXjc5uWRfpuVFoQVma3HW9RjEq23z,12higDjoCCNXSA95xZMWUdPvXNmkAduhWv,160000000000
1238514389,19mij3FNdLkkMLESq8DXpPQ28KZ55sf6rg,12higDjoCCNXSA95xZMWUdPvXNmkAduhWv,160000000000
1238514389,1Ps31U24sJ8j7YnND2UCnBmn1h2etqE6kd,12higDjoCCNXSA95xZMWUdPvXNmkAduhWv,160000000000
1238514389,1jtXN5bWRBBX7gC1bcSpUTudAT7G8u7Wd,12higDjoCCNXSA95xZMWUdPvXNmkAduhWv,160000000000
1238514389,17JX1hpXBNrJiwhNdHqvpZxdkooyap94hK,12higDjoCCNXSA95xZMWUdPvXNmkAduhWv,160000000000
1238514389,1AeeKQ194esGLA4GjhyexcubE4cxooUC5B,12higDjoCCNXSA95xZMWUdPvXNmkAduhWv,160000000000
1238514389,1A7ZEYLTKtmJ1Vmo5o6YdS7dnzNKsx8U7G,12higDjoCCNXSA95xZMWUdPvXNmkAduhWv,160000000000
1238514389,1317NgcmZKVEQ9EbsntabLyDiZn8Uyis4b,12higDjoCCNXSA95xZMWUdPvXNmkAduhWv,160000000000
1238514389,16HJWkkwsi7hvUXEj4jrct8mxbKJQuYbpD,12higDjoCCNXSA95xZMWUdPvXNmkAduhWv,160000000000
1238514389,12iXGm1K65JzhLoiARaozTHmgrf2ShecjU,12higDjoCCNXSA95xZMWUdPvXNmkAduhWv,160000000000
1238514389,18FanWHhdsHXYyoL7zyzV7zWhEnynsg41U,12higDjoCCNXSA95xZMWUdPvXNmkAduhWv,160000000000
1238514389,1YgwN1ZG3yvkeN6HYNGLbqkWzDcKT6HtR,12higDjoCCNXSA95xZMWUdPvXNmkAduhWv,160000000000
1238514389,19eVNQeqcgyaznTaUkkNrd8649VASMxsQH,12higDjoCCNXSA95xZMWUdPvXNmkAduhWv,160000000000
1238514389,1HJ3T1Ewqss2GKMfyk22zXGoFt7n4c6TBB,12higDjoCCNXSA95xZMWUdPvXNmkAduhWv,160000000000
1238514389,1GsA8fMqX7AcXuXjvmyMMDBHEWXHwD5yfQ,12higDjoCCNXSA95xZMWUdPvXNmkAduhWv,160000000000
1238514389,1Apogsw3ne1uyccG5EGiraTL6y12KTYQcn,12higDjoCCNXSA95xZMWUdPvXNmkAduhWv,160000000000
1238514389,1F9C6XvdF5yWCnizqxNa6h96r3npJTLn5k,12higDjoCCNXSA95xZMWUdPvXNmkAduhWv,160000000000
1238514389,1G2qyVU6dYm4i4YHBKj2PjwhhpPpuhcNU6,12higDjoCCNXSA95xZMWUdPvXNmkAduhWv,160000000000
1238514389,14VUQZESW6Udz9aVxgwhxz1QeV4HT5biEG,12higDjoCCNXSA95xZMWUdPvXNmkAduhWv,160000000000
